<?xml version="1.0" encoding="UTF-8"?>
<!DOCTYPE bindings PUBLIC "-//NetBeans//DTD Editor KeyBindings settings 1.1//EN" "http://www.netbeans.org/dtds/EditorKeyBindings-1_1.dtd">
<bindings>
    <bind actionName="in-place-refactoring" key="D-2$R"/>
    <bind actionName="in-place-refactoring" key="SO-R"/>
    <bind actionName="select-element-next" key="SO-RIGHT"/>
    <bind actionName="select-element-previous" key="SO-LEFT"/>
    <bind actionName="toggle-comment" key="SD-C"/>
    <bind actionName="toggle-comment" key="D-SLASH"/>
    <bind actionName="toggle-comment" key="ESCAPE$D-C"/>
    <bind actionName="toggle-comment" key="SD-SLASH"/>
    <bind actionName="toggle-comment" key="D-7"/>
    <bind actionName="toggle-comment" key="D-BACK_SLASH"/>
</bindings>
