<?xml version="1.0" encoding="UTF-8"?>
<!DOCTYPE platform PUBLIC "-//NetBeans//DTD Java PlatformDefinition 1.0//EN" "http://www.netbeans.org/dtds/java-platformdefinition-1_0.dtd">
<platform default="no" name="JDK 22.0.0.2.r11-grl">
    <jdkhome>
        <resource>file:/home/jam/.sdkman/candidates/java/22.0.0.2.r11-grl/</resource>
    </jdkhome>
    <properties>
        <property name="platform.ant.name" value="JDK_22.0.0.2.r11-grl"/>
    </properties>
    <sysproperties>
        <property name="awt.toolkit" value="sun.awt.X11.XToolkit"/>
        <property name="file.encoding" value="UTF-8"/>
        <property name="file.separator" value="/"/>
        <property name="java.awt.graphicsenv" value="sun.awt.X11GraphicsEnvironment"/>
        <property name="java.awt.printerjob" value="sun.print.PSPrinterJob"/>
        <property name="java.class.path" value=""/>
        <property name="java.class.version" value="55.0"/>
        <property name="java.home" value="/home/jam/.sdkman/candidates/java/22.0.0.2.r11-grl"/>
        <property name="java.io.tmpdir" value="/tmp"/>
        <property name="java.library.path" value="/usr/java/packages/lib:/usr/lib64:/lib64:/lib:/usr/lib"/>
        <property name="java.runtime.name" value="OpenJDK Runtime Environment"/>
        <property name="java.runtime.version" value="11.0.14+9-jvmci-22.0-b05"/>
        <property name="java.specification.name" value="Java Platform API Specification"/>
        <property name="java.specification.vendor" value="Oracle Corporation"/>
        <property name="java.specification.version" value="11"/>
        <property name="java.vendor" value="GraalVM Community"/>
        <property name="java.vendor.url" value="https://www.graalvm.org/"/>
        <property name="java.vendor.url.bug" value="https://github.com/oracle/graal/issues"/>
        <property name="java.vendor.version" value="GraalVM CE 22.0.0.2"/>
        <property name="java.version" value="11.0.14"/>
        <property name="java.version.date" value="2022-01-18"/>
        <property name="java.vm.compressedOopsMode" value="Zero based"/>
        <property name="java.vm.info" value="mixed mode, sharing"/>
        <property name="java.vm.name" value="OpenJDK 64-Bit Server VM"/>
        <property name="java.vm.specification.name" value="Java Virtual Machine Specification"/>
        <property name="java.vm.specification.vendor" value="Oracle Corporation"/>
        <property name="java.vm.specification.version" value="11"/>
        <property name="java.vm.vendor" value="GraalVM Community"/>
        <property name="java.vm.version" value="11.0.14+9-jvmci-22.0-b05"/>
        <property name="jdk.debug" value="release"/>
        <property name="jdk.internal.vm.ci.enabled" value="true"/>
        <property name="line.separator" value="&#10;"/>
        <property name="os.arch" value="amd64"/>
        <property name="os.name" value="Linux"/>
        <property name="os.version" value="5.15.32-1-MANJARO"/>
        <property name="path.separator" value=":"/>
        <property name="sun.arch.data.model" value="64"/>
        <property name="sun.boot.library.path" value="/home/jam/.sdkman/candidates/java/22.0.0.2.r11-grl/lib"/>
        <property name="sun.cpu.endian" value="little"/>
        <property name="sun.cpu.isalist" value=""/>
        <property name="sun.desktop" value="gnome"/>
        <property name="sun.io.unicode.encoding" value="UnicodeLittle"/>
        <property name="sun.java.command" value="J2SEPlatformProbe /tmp/nb-platformdetect12765640325327610515properties"/>
        <property name="sun.java.launcher" value="SUN_STANDARD"/>
        <property name="sun.jnu.encoding" value="UTF-8"/>
        <property name="sun.management.compiler" value="HotSpot 64-Bit Tiered Compilers"/>
        <property name="sun.os.patch.level" value="unknown"/>
        <property name="user.country" value="US"/>
        <property name="user.dir" value=""/>
        <property name="user.home" value="/home/jam"/>
        <property name="user.language" value="en"/>
        <property name="user.name" value="jam"/>
        <property name="user.timezone" value="Europe/Madrid"/>
    </sysproperties>
</platform>
