<application>
  <component name="com.intellij.ide.ui.customization.CustomActionsSchema">
    <group value="ActivateProjectToolWindow" is_action="true" action_type="1" position="0">
      <path value="root" />
      <path value="Navigation Bar Toolbar" />
      <option name="myInitialPosition" value="-1" />
    </group>
    <group value="ActivateGradleToolWindow" is_action="true" action_type="1" position="1">
      <path value="root" />
      <path value="Navigation Bar Toolbar" />
      <option name="myInitialPosition" value="-1" />
    </group>
    <group value="CompileDirty" is_action="true" action_type="1" position="2">
      <path value="root" />
      <path value="Main Toolbar" />
      <path value="Left" />
      <option name="myInitialPosition" value="-1" />
    </group>
    <group value="ActivateMavenToolWindow" is_action="true" action_type="1" position="2">
      <path value="root" />
      <path value="Navigation Bar Toolbar" />
      <option name="myInitialPosition" value="-1" />
    </group>
    <group value="ManageTargets" is_action="true" action_type="1" position="3">
      <path value="root" />
      <path value="Main Toolbar" />
      <path value="Left" />
      <option name="myInitialPosition" value="-1" />
    </group>
    <group value="ActivateTerminalToolWindow" is_action="true" action_type="1" position="3">
      <path value="root" />
      <path value="Navigation Bar Toolbar" />
      <option name="myInitialPosition" value="-1" />
    </group>
    <group value="ToolWindowsGroup" is_group="true" forse_popup="true" action_type="1" position="4">
      <path value="root" />
      <path value="Main Toolbar" />
      <path value="Right" />
      <option name="myInitialPosition" value="-1" />
    </group>
    <group value="ActivateCommitToolWindow" is_action="true" action_type="1" position="4">
      <path value="root" />
      <path value="Navigation Bar Toolbar" />
      <option name="myInitialPosition" value="-1" />
    </group>
    <group value="ViewToolButtons" is_action="true" action_type="1" position="5">
      <path value="root" />
      <path value="Main Toolbar" />
      <path value="Right" />
      <option name="myInitialPosition" value="-1" />
    </group>
    <group value="ActivateTODOToolWindow" is_action="true" action_type="1" position="6">
      <path value="root" />
      <path value="Navigation Bar Toolbar" />
      <option name="myInitialPosition" value="-1" />
    </group>
    <group value="ActivateProblemsViewToolWindow" is_action="true" action_type="1" position="7">
      <path value="root" />
      <path value="Navigation Bar Toolbar" />
      <option name="myInitialPosition" value="-1" />
    </group>
    <group value="ActivateRunToolWindow" is_action="true" action_type="1" position="8">
      <path value="root" />
      <path value="Navigation Bar Toolbar" />
      <option name="myInitialPosition" value="-1" />
    </group>
    <group value="ActivateDebugToolWindow" is_action="true" action_type="1" position="9">
      <path value="root" />
      <path value="Navigation Bar Toolbar" />
      <option name="myInitialPosition" value="-1" />
    </group>
    <group seperator="true" action_type="1" position="10">
      <path value="root" />
      <path value="Navigation Bar Toolbar" />
      <option name="myInitialPosition" value="-1" />
    </group>
    <action id="MakeModule" icon="jar:file:/home/jam/.local/share/JetBrains/Toolbox/apps/IDEA-C/ch-0/223.7571.182/lib/app.jar!/expui/toolbar/unknown.svg" />
    <action id="CompileDirty" icon="Rust.Build" />
    <action id="ToolWindowsGroup" icon="Vcs.Diff.ShowDiffInNewWindow" />
    <action id="MainMenu" icon="jar:file:/home/jam/.local/share/JetBrains/Toolbox/apps/IDEA-C/ch-0/223.7571.182/lib/app.jar!/expui/toolbar/unknown.svg" />
    <action id="ViewToolButtons" icon="Vcs.Log.PresentationSettings" />
  </component>
</application>