<application>
  <component name="FileTypeManager" version="19">
    <ignoreFiles list="*.iml;*.pyc;*.pyo;*.rbc;*.yarb;*~;.DS_Store;.classpath;.git;.gradle;.hg;.idea;.java-version;.mypy_cache;.project;.pytest_cache;.ruff_cache;.settings;.svn;CVS;__pycache__;_svn;vssver.scc;vssver2.scc" />
    <extensionMap>
      <mapping pattern="jscript" type="AUTO_DETECTED" />
      <mapping ext="gradle.kts" type="Kotlin" />
      <mapping ext="space.kts" type="Kotlin" />
      <mapping ext="main.kts" type="Kotlin" />
      <mapping ext="bak" type="PLAIN_TEXT" />
      <mapping ext="reg" type="PLAIN_TEXT" />
      <mapping pattern="config.ini" type="Properties" />
      <mapping ext="launch" type="XML" />
      <mapping ext="target" type="XML" />
      <mapping ext="product" type="XML" />
      <removed_mapping ext="apk" approved="true" type="ARCHIVE" />
      <removed_mapping ext="ini" approved="true" type="PLAIN_TEXT" />
      <removed_mapping ext="psd" approved="true" type="Image" />
      <removed_mapping ext="rs" approved="true" type="Android RenderScript" />
      <removed_mapping pattern=".analysis_options" approved="true" type="YAML" />
      <removed_mapping pattern="pubspec.lock" approved="true" type="YAML" />
    </extensionMap>
  </component>
</application>