<application>
  <component name="GraziConfig">
    <option name="enabledLanguages">
      <set>
        <option value="English (US)" />
        <option value="Spanish" />
      </set>
    </option>
    <option name="enabledGrammarStrategies">
      <set>
        <option value="nl.rubensten.texifyidea:Latex" />
        <option value="org.asciidoctor.intellij.asciidoc:AsciiDoc" />
        <option value="org.rust.lang:Rust" />
        <option value="tanvd.grazi:JAVA" />
        <option value="tanvd.grazi:JSON" />
        <option value="tanvd.grazi:Properties" />
        <option value="tanvd.grazi:TEXT" />
        <option value="tanvd.grazi:XML" />
        <option value="tanvd.grazi:yaml" />
      </set>
    </option>
    <option name="userEnabledRules">
      <set>
        <option value="LanguageTool.EN.EN_DASH_RULE" />
        <option value="LanguageTool.EN.EN_SPECIFIC_CASE" />
      </set>
    </option>
    <option name="suppressingContext">
      <SuppressingContext>
        <option name="suppressed">
          <set>
            <option value="'" />
            <option value=".social" />
            <option value="Id" />
            <option value="Target type for" />
            <option value="Telefónica Móviles" />
            <option value="a microservices architecture." />
            <option value="an with" />
            <option value="check the ." />
            <option value="config --" />
            <option value="config config" />
            <option value="edit Edit" />
            <option value="exceptions of" />
            <option value="follows the ," />
            <option value="multi-module" />
            <option value="with the ," />
          </set>
        </option>
      </SuppressingContext>
    </option>
    <option name="checkingContext">
      <CheckingContext>
        <option name="isCheckInStringLiteralsEnabled" value="true" />
        <option name="enabledLanguages">
          <set>
            <option value="Rust" />
          </set>
        </option>
      </CheckingContext>
    </option>
  </component>
</application>