<application>
  <component name="ProjectManager">
    <defaultProject>
      <component name="AutoImportSettings">
        <option name="autoReloadType" value="SELECTIVE" />
      </component>
      <component name="ProjectViewState">
        <option name="flattenModules" value="true" />
        <option name="flattenPackages" value="true" />
        <option name="hideEmptyMiddlePackages" value="true" />
        <option name="showLibraryContents" value="true" />
        <option name="showScratchesAndConsoles" value="false" />
        <option name="showURL" value="false" />
        <option name="sortByType" value="true" />
        <option name="useFileNestingRules" value="false" />
      </component>
      <component name="PropertiesComponent">{
  &quot;keyToString&quot;: {
    &quot;settings.editor.selected.configurable&quot;: &quot;configurable.group.editor&quot;
  }
}</component>
      <component name="WindowStateProjectService">
        <state x="464" y="175" key="SettingsEditor" timestamp="1679901564105">
          <screen x="0" y="0" width="1920" height="1080" />
        </state>
        <state x="464" y="175" key="SettingsEditor/0.0.1920.1080" timestamp="1679901564105" />
      </component>
      <component name="masterDetails">
        <states>
          <state key="ProjectJDKs.UI">
            <settings>
              <last-edited>11</last-edited>
              <splitter-proportions>
                <option name="proportions">
                  <list>
                    <option value="0.2" />
                  </list>
                </option>
              </splitter-proportions>
            </settings>
          </state>
        </states>
      </component>
    </defaultProject>
  </component>
</application>