<application>
  <component name="UpdatesConfigurable">
    <option name="CHECK_NEEDED" value="false" />
    <option name="LAST_BUILD_CHECKED" value="IU-241.14024.14" />
    <option name="LAST_TIME_CHECKED" value="1709377780413" />
    <option name="OBSOLETE_CUSTOM_REPOSITORIES_CLEAN_NEEDED" value="false" />
    <option name="THIRD_PARTY_PLUGINS_ALLOWED" value="true" />
    <option name="UPDATE_CHANNEL_TYPE" value="eap" />
    <option name="WHATS_NEW_SHOWN_FOR" value="223" />
  </component>
</application>